INSERT INTO `instruments` (`id`, `name`, `abbreviation`, `iconHtml`) VALUES (1,'Vocals','V','<img src=\"local/rb-mic.png\" class=\"instrumentIcon\"/>');
INSERT INTO `instruments` (`id`, `name`, `abbreviation`, `iconHtml`) VALUES (2,'Guitar','G','<img src=\"local/rb-guitar.png\" class=\"instrumentIcon\"/>');
INSERT INTO `instruments` (`id`, `name`, `abbreviation`, `iconHtml`) VALUES (3,'Bass','B','<img src=\"local/rb-bass.png\" class=\"instrumentIcon\"/>');
INSERT INTO `instruments` (`id`, `name`, `abbreviation`, `iconHtml`) VALUES (4,'Drums','D','<img src=\"local/rb-drums.png\" class=\"instrumentIcon\"/>');
INSERT INTO `instruments` (`id`, `name`, `abbreviation`, `iconHtml`) VALUES (5,'Keyboard','K','<img src=\"local/rb-keys.png\" class=\"instrumentIcon\"/>');
INSERT INTO `platforms` (`id`, `name`) VALUES (1,'RB3');
INSERT INTO `platforms` (`id`, `name`) VALUES (2,'RB4');
INSERT INTO `songs` (`id`, `artist`, `title`, `sourceId`, `duration`, `codeNumber`) VALUES (1,'\"Weird Al\" Yankovic','Albuquerque',1,719,'431999');
INSERT INTO `songs` (`id`, `artist`, `title`, `sourceId`, `duration`, `codeNumber`) VALUES (2,'.38 Special','Caught Up In You',2,275,'7453D0');
INSERT INTO `songs` (`id`, `artist`, `title`, `sourceId`, `duration`, `codeNumber`) VALUES (3,'+44','Lycanthrope',1,237,'586942');
INSERT INTO `songs` (`id`, `artist`, `title`, `sourceId`, `duration`, `codeNumber`) VALUES (4,'3 Doors Down','Here Without You',3,239,'D8F20D');
INSERT INTO `songs` (`id`, `artist`, `title`, `sourceId`, `duration`, `codeNumber`) VALUES (5,'3 Doors Down','Kryptonite',3,242,'7C46A2');
INSERT INTO `songs` (`id`, `artist`, `title`, `sourceId`, `duration`, `codeNumber`) VALUES (6,'38 Special','Hold On Loosely',3,284,'E47C25');
INSERT INTO `songs` (`id`, `artist`, `title`, `sourceId`, `duration`, `codeNumber`) VALUES (7,'4 Non Blondes','What’s Up?',2,295,'A09263');
INSERT INTO `songs` (`id`, `artist`, `title`, `sourceId`, `duration`, `codeNumber`) VALUES (8,'5 Seconds of Summer','She Looks So Perfect',3,202,'C856FA');
INSERT INTO `songs` (`id`, `artist`, `title`, `sourceId`, `duration`, `codeNumber`) VALUES (9,'A Day to Remember','NJ Legion Iced Tea',1,214,'070402');
INSERT INTO `songs` (`id`, `artist`, `title`, `sourceId`, `duration`, `codeNumber`) VALUES (10,'A Flock of Seagulls','I Ran (So Far Away)',3,309,'18681C');
INSERT INTO `songs` (`id`, `artist`, `title`, `sourceId`, `duration`, `codeNumber`) VALUES (11,'A Perfect Circle','Judith',1,249,'770F6D');
INSERT INTO `songs` (`id`, `artist`, `title`, `sourceId`, `duration`, `codeNumber`) VALUES (12,'Abnormality','Visions',4,180,'C76129');
INSERT INTO `songs` (`id`, `artist`, `title`, `sourceId`, `duration`, `codeNumber`) VALUES (13,'AC/DC','Jailbreak (Live)',5,704,'7C0CD1');
INSERT INTO `songs` (`id`, `artist`, `title`, `sourceId`, `duration`, `codeNumber`) VALUES (14,'AC/DC','Fire Your Guns (Live)',5,179,'1D39D3');
INSERT INTO `songs` (`id`, `artist`, `title`, `sourceId`, `duration`, `codeNumber`) VALUES (15,'AC/DC','T.N.T. (Live)',5,204,'9F5F8A');
INSERT INTO `songs` (`id`, `artist`, `title`, `sourceId`, `duration`, `codeNumber`) VALUES (16,'AC/DC','Heatseeker (Live)',5,214,'1CD490');
INSERT INTO `songs` (`id`, `artist`, `title`, `sourceId`, `duration`, `codeNumber`) VALUES (17,'AC/DC','You Shook Me All Night Long (Live)',5,224,'5A3997');
INSERT INTO `songs` (`id`, `artist`, `title`, `sourceId`, `duration`, `codeNumber`) VALUES (18,'AC/DC','Moneytalks (Live)',5,233,'261E1A');
INSERT INTO `songs` (`id`, `artist`, `title`, `sourceId`, `duration`, `codeNumber`) VALUES (19,'AC/DC','Back in Black (Live)',5,237,'B74198');
INSERT INTO `songs` (`id`, `artist`, `title`, `sourceId`, `duration`, `codeNumber`) VALUES (20,'AC/DC','Highway to Hell (Live)',5,267,'28BBC4');
INSERT INTO `songs` (`id`, `artist`, `title`, `sourceId`, `duration`, `codeNumber`) VALUES (21,'AC/DC','Hell Ain\'t a Bad Place to Be (Live)',5,268,'0E8152');
INSERT INTO `songs` (`id`, `artist`, `title`, `sourceId`, `duration`, `codeNumber`) VALUES (22,'AC/DC','Whole Lotta Rosie (Live)',5,279,'25D9B0');
INSERT INTO `songs` (`id`, `artist`, `title`, `sourceId`, `duration`, `codeNumber`) VALUES (23,'AC/DC','Dirty Deeds Done Dirt Cheap (Live)',5,280,'154FA0');
INSERT INTO `songs` (`id`, `artist`, `title`, `sourceId`, `duration`, `codeNumber`) VALUES (24,'AC/DC','Shoot to Thrill (Live)',5,324,'68F7B2');
INSERT INTO `songs` (`id`, `artist`, `title`, `sourceId`, `duration`, `codeNumber`) VALUES (25,'AC/DC','Thunderstruck (Live)',5,339,'D759E9');
INSERT INTO `songs` (`id`, `artist`, `title`, `sourceId`, `duration`, `codeNumber`) VALUES (26,'AC/DC','The Jack (Live)',5,344,'EF4365');
INSERT INTO `songs` (`id`, `artist`, `title`, `sourceId`, `duration`, `codeNumber`) VALUES (27,'AC/DC','Hells Bells (Live)',5,353,'2B7CBD');
INSERT INTO `songs` (`id`, `artist`, `title`, `sourceId`, `duration`, `codeNumber`) VALUES (28,'AC/DC','For Those About to Rock (We Salute You) (Live)',5,401,'9FBA03');
INSERT INTO `songs` (`id`, `artist`, `title`, `sourceId`, `duration`, `codeNumber`) VALUES (29,'AC/DC','High Voltage (Live)',5,559,'692AE8');
INSERT INTO `songs` (`id`, `artist`, `title`, `sourceId`, `duration`, `codeNumber`) VALUES (30,'AC/DC','Let There Be Rock (Live)',5,577,'587D16');
INSERT INTO `songs` (`id`, `artist`, `title`, `sourceId`, `duration`, `codeNumber`) VALUES (31,'AcousticBrony and PrinceWhateverer','Breaking Bonds (ft. Mando, MHM, Lulz, George)',1,293,'309455');
INSERT INTO `songs` (`id`, `artist`, `title`, `sourceId`, `duration`, `codeNumber`) VALUES (32,'The Acro-brats','Day Late, Dollar Short',6,152,'E2F9FA');
INSERT INTO `songs` (`id`, `artist`, `title`, `sourceId`, `duration`, `codeNumber`) VALUES (33,'Adele','Someone Like You',1,293,'3D4DDA');
INSERT INTO `songs` (`id`, `artist`, `title`, `sourceId`, `duration`, `codeNumber`) VALUES (34,'Aerosmith','Dream On',1,279,'4C1681');
INSERT INTO `songs` (`id`, `artist`, `title`, `sourceId`, `duration`, `codeNumber`) VALUES (35,'Aerosmith','Rats In The Cellar',3,246,'9A1A97');
INSERT INTO `songs` (`id`, `artist`, `title`, `sourceId`, `duration`, `codeNumber`) VALUES (36,'Aerosmith','Eat the Rich',3,250,'D82BD8');
INSERT INTO `songs` (`id`, `artist`, `title`, `sourceId`, `duration`, `codeNumber`) VALUES (37,'Aerosmith','Dude (Looks like a Lady)',3,266,'C1ED72');
INSERT INTO `songs` (`id`, `artist`, `title`, `sourceId`, `duration`, `codeNumber`) VALUES (38,'Aerosmith','Seasons of Wither',3,326,'455982');
INSERT INTO `songs` (`id`, `artist`, `title`, `sourceId`, `duration`, `codeNumber`) VALUES (39,'Aerosmith','Lover Alot',3,220,'0C3C00');
INSERT INTO `songs` (`id`, `artist`, `title`, `sourceId`, `duration`, `codeNumber`) VALUES (40,'Aerosmith','Walk This Way',3,230,'1CD80B');
INSERT INTO `songs` (`id`, `artist`, `title`, `sourceId`, `duration`, `codeNumber`) VALUES (41,'Aerosmith','Legendary Child',3,256,'0734DA');
INSERT INTO `songs` (`id`, `artist`, `title`, `sourceId`, `duration`, `codeNumber`) VALUES (42,'Aerosmith','Back in the Saddle',3,286,'D5B7EA');
INSERT INTO `songs` (`id`, `artist`, `title`, `sourceId`, `duration`, `codeNumber`) VALUES (43,'Aerosmith','Sweet Emotion',3,287,'09B0E7');
INSERT INTO `songs` (`id`, `artist`, `title`, `sourceId`, `duration`, `codeNumber`) VALUES (44,'Aerosmith','Dream On (Live)',3,297,'22EEEF');
INSERT INTO `songs` (`id`, `artist`, `title`, `sourceId`, `duration`, `codeNumber`) VALUES (45,'Aerosmith','Cryin\'',3,386,'5AE975');
INSERT INTO `songs` (`id`, `artist`, `title`, `sourceId`, `duration`, `codeNumber`) VALUES (46,'Aerosmith','Love In An Elevator',3,394,'D26EAA');
INSERT INTO `songs` (`id`, `artist`, `title`, `sourceId`, `duration`, `codeNumber`) VALUES (47,'Aerosmith','Train Kept A Rollin\'',6,343,'CEF070');
INSERT INTO `songs` (`id`, `artist`, `title`, `sourceId`, `duration`, `codeNumber`) VALUES (48,'Aerosmith','Toys in the Attic',2,185,'399745');
INSERT INTO `songs` (`id`, `artist`, `title`, `sourceId`, `duration`, `codeNumber`) VALUES (49,'AFI','The Missing Frame',1,286,'538B1A');
INSERT INTO `songs` (`id`, `artist`, `title`, `sourceId`, `duration`, `codeNumber`) VALUES (50,'AFI','Girl\'s Not Grey',4,194,'748D67');
INSERT INTO `songs_x_instruments` (`songId`, `instrumentId`) VALUES (1,1);
INSERT INTO `songs_x_instruments` (`songId`, `instrumentId`) VALUES (1,2);
INSERT INTO `songs_x_instruments` (`songId`, `instrumentId`) VALUES (1,3);
INSERT INTO `songs_x_instruments` (`songId`, `instrumentId`) VALUES (1,4);
INSERT INTO `songs_x_instruments` (`songId`, `instrumentId`) VALUES (2,1);
INSERT INTO `songs_x_instruments` (`songId`, `instrumentId`) VALUES (2,2);
INSERT INTO `songs_x_instruments` (`songId`, `instrumentId`) VALUES (2,3);
INSERT INTO `songs_x_instruments` (`songId`, `instrumentId`) VALUES (2,4);
INSERT INTO `songs_x_instruments` (`songId`, `instrumentId`) VALUES (3,1);
INSERT INTO `songs_x_instruments` (`songId`, `instrumentId`) VALUES (3,2);
INSERT INTO `songs_x_instruments` (`songId`, `instrumentId`) VALUES (3,3);
INSERT INTO `songs_x_instruments` (`songId`, `instrumentId`) VALUES (3,4);
INSERT INTO `songs_x_instruments` (`songId`, `instrumentId`) VALUES (4,1);
INSERT INTO `songs_x_instruments` (`songId`, `instrumentId`) VALUES (4,2);
INSERT INTO `songs_x_instruments` (`songId`, `instrumentId`) VALUES (4,3);
INSERT INTO `songs_x_instruments` (`songId`, `instrumentId`) VALUES (4,4);
INSERT INTO `songs_x_instruments` (`songId`, `instrumentId`) VALUES (4,5);
INSERT INTO `songs_x_instruments` (`songId`, `instrumentId`) VALUES (5,1);
INSERT INTO `songs_x_instruments` (`songId`, `instrumentId`) VALUES (5,2);
INSERT INTO `songs_x_instruments` (`songId`, `instrumentId`) VALUES (5,3);
INSERT INTO `songs_x_instruments` (`songId`, `instrumentId`) VALUES (5,4);
INSERT INTO `songs_x_instruments` (`songId`, `instrumentId`) VALUES (6,1);
INSERT INTO `songs_x_instruments` (`songId`, `instrumentId`) VALUES (6,2);
INSERT INTO `songs_x_instruments` (`songId`, `instrumentId`) VALUES (6,3);
INSERT INTO `songs_x_instruments` (`songId`, `instrumentId`) VALUES (6,4);
INSERT INTO `songs_x_instruments` (`songId`, `instrumentId`) VALUES (6,5);
INSERT INTO `songs_x_instruments` (`songId`, `instrumentId`) VALUES (7,1);
INSERT INTO `songs_x_instruments` (`songId`, `instrumentId`) VALUES (7,2);
INSERT INTO `songs_x_instruments` (`songId`, `instrumentId`) VALUES (7,3);
INSERT INTO `songs_x_instruments` (`songId`, `instrumentId`) VALUES (7,4);
INSERT INTO `songs_x_instruments` (`songId`, `instrumentId`) VALUES (8,1);
INSERT INTO `songs_x_instruments` (`songId`, `instrumentId`) VALUES (8,2);
INSERT INTO `songs_x_instruments` (`songId`, `instrumentId`) VALUES (8,3);
INSERT INTO `songs_x_instruments` (`songId`, `instrumentId`) VALUES (8,4);
INSERT INTO `songs_x_instruments` (`songId`, `instrumentId`) VALUES (9,1);
INSERT INTO `songs_x_instruments` (`songId`, `instrumentId`) VALUES (9,2);
INSERT INTO `songs_x_instruments` (`songId`, `instrumentId`) VALUES (9,3);
INSERT INTO `songs_x_instruments` (`songId`, `instrumentId`) VALUES (9,4);
INSERT INTO `songs_x_instruments` (`songId`, `instrumentId`) VALUES (10,1);
INSERT INTO `songs_x_instruments` (`songId`, `instrumentId`) VALUES (10,2);
INSERT INTO `songs_x_instruments` (`songId`, `instrumentId`) VALUES (10,3);
INSERT INTO `songs_x_instruments` (`songId`, `instrumentId`) VALUES (10,4);
INSERT INTO `songs_x_instruments` (`songId`, `instrumentId`) VALUES (10,5);
INSERT INTO `songs_x_instruments` (`songId`, `instrumentId`) VALUES (11,1);
INSERT INTO `songs_x_instruments` (`songId`, `instrumentId`) VALUES (11,2);
INSERT INTO `songs_x_instruments` (`songId`, `instrumentId`) VALUES (11,3);
INSERT INTO `songs_x_instruments` (`songId`, `instrumentId`) VALUES (11,4);
INSERT INTO `songs_x_instruments` (`songId`, `instrumentId`) VALUES (12,1);
INSERT INTO `songs_x_instruments` (`songId`, `instrumentId`) VALUES (12,2);
INSERT INTO `songs_x_instruments` (`songId`, `instrumentId`) VALUES (12,3);
INSERT INTO `songs_x_instruments` (`songId`, `instrumentId`) VALUES (12,4);
INSERT INTO `songs_x_instruments` (`songId`, `instrumentId`) VALUES (13,1);
INSERT INTO `songs_x_instruments` (`songId`, `instrumentId`) VALUES (13,2);
INSERT INTO `songs_x_instruments` (`songId`, `instrumentId`) VALUES (13,3);
INSERT INTO `songs_x_instruments` (`songId`, `instrumentId`) VALUES (13,4);
INSERT INTO `songs_x_instruments` (`songId`, `instrumentId`) VALUES (14,1);
INSERT INTO `songs_x_instruments` (`songId`, `instrumentId`) VALUES (14,2);
INSERT INTO `songs_x_instruments` (`songId`, `instrumentId`) VALUES (14,3);
INSERT INTO `songs_x_instruments` (`songId`, `instrumentId`) VALUES (14,4);
INSERT INTO `songs_x_instruments` (`songId`, `instrumentId`) VALUES (15,1);
INSERT INTO `songs_x_instruments` (`songId`, `instrumentId`) VALUES (15,2);
INSERT INTO `songs_x_instruments` (`songId`, `instrumentId`) VALUES (15,3);
INSERT INTO `songs_x_instruments` (`songId`, `instrumentId`) VALUES (15,4);
INSERT INTO `songs_x_instruments` (`songId`, `instrumentId`) VALUES (16,1);
INSERT INTO `songs_x_instruments` (`songId`, `instrumentId`) VALUES (16,2);
INSERT INTO `songs_x_instruments` (`songId`, `instrumentId`) VALUES (16,3);
INSERT INTO `songs_x_instruments` (`songId`, `instrumentId`) VALUES (16,4);
INSERT INTO `songs_x_instruments` (`songId`, `instrumentId`) VALUES (17,1);
INSERT INTO `songs_x_instruments` (`songId`, `instrumentId`) VALUES (17,2);
INSERT INTO `songs_x_instruments` (`songId`, `instrumentId`) VALUES (17,3);
INSERT INTO `songs_x_instruments` (`songId`, `instrumentId`) VALUES (17,4);
INSERT INTO `songs_x_instruments` (`songId`, `instrumentId`) VALUES (18,1);
INSERT INTO `songs_x_instruments` (`songId`, `instrumentId`) VALUES (18,2);
INSERT INTO `songs_x_instruments` (`songId`, `instrumentId`) VALUES (18,3);
INSERT INTO `songs_x_instruments` (`songId`, `instrumentId`) VALUES (18,4);
INSERT INTO `songs_x_instruments` (`songId`, `instrumentId`) VALUES (19,1);
INSERT INTO `songs_x_instruments` (`songId`, `instrumentId`) VALUES (19,2);
INSERT INTO `songs_x_instruments` (`songId`, `instrumentId`) VALUES (19,3);
INSERT INTO `songs_x_instruments` (`songId`, `instrumentId`) VALUES (19,4);
INSERT INTO `songs_x_instruments` (`songId`, `instrumentId`) VALUES (20,1);
INSERT INTO `songs_x_instruments` (`songId`, `instrumentId`) VALUES (20,2);
INSERT INTO `songs_x_instruments` (`songId`, `instrumentId`) VALUES (20,3);
INSERT INTO `songs_x_instruments` (`songId`, `instrumentId`) VALUES (20,4);
INSERT INTO `songs_x_instruments` (`songId`, `instrumentId`) VALUES (21,1);
INSERT INTO `songs_x_instruments` (`songId`, `instrumentId`) VALUES (21,2);
INSERT INTO `songs_x_instruments` (`songId`, `instrumentId`) VALUES (21,3);
INSERT INTO `songs_x_instruments` (`songId`, `instrumentId`) VALUES (21,4);
INSERT INTO `songs_x_instruments` (`songId`, `instrumentId`) VALUES (22,1);
INSERT INTO `songs_x_instruments` (`songId`, `instrumentId`) VALUES (22,2);
INSERT INTO `songs_x_instruments` (`songId`, `instrumentId`) VALUES (22,3);
INSERT INTO `songs_x_instruments` (`songId`, `instrumentId`) VALUES (22,4);
INSERT INTO `songs_x_instruments` (`songId`, `instrumentId`) VALUES (23,1);
INSERT INTO `songs_x_instruments` (`songId`, `instrumentId`) VALUES (23,2);
INSERT INTO `songs_x_instruments` (`songId`, `instrumentId`) VALUES (23,3);
INSERT INTO `songs_x_instruments` (`songId`, `instrumentId`) VALUES (23,4);
INSERT INTO `songs_x_instruments` (`songId`, `instrumentId`) VALUES (24,1);
INSERT INTO `songs_x_instruments` (`songId`, `instrumentId`) VALUES (24,2);
INSERT INTO `songs_x_instruments` (`songId`, `instrumentId`) VALUES (24,3);
INSERT INTO `songs_x_instruments` (`songId`, `instrumentId`) VALUES (24,4);
INSERT INTO `songs_x_instruments` (`songId`, `instrumentId`) VALUES (25,1);
INSERT INTO `songs_x_instruments` (`songId`, `instrumentId`) VALUES (25,2);
INSERT INTO `songs_x_instruments` (`songId`, `instrumentId`) VALUES (25,3);
INSERT INTO `songs_x_instruments` (`songId`, `instrumentId`) VALUES (25,4);
INSERT INTO `songs_x_instruments` (`songId`, `instrumentId`) VALUES (26,1);
INSERT INTO `songs_x_instruments` (`songId`, `instrumentId`) VALUES (26,2);
INSERT INTO `songs_x_instruments` (`songId`, `instrumentId`) VALUES (26,3);
INSERT INTO `songs_x_instruments` (`songId`, `instrumentId`) VALUES (26,4);
INSERT INTO `songs_x_instruments` (`songId`, `instrumentId`) VALUES (27,1);
INSERT INTO `songs_x_instruments` (`songId`, `instrumentId`) VALUES (27,2);
INSERT INTO `songs_x_instruments` (`songId`, `instrumentId`) VALUES (27,3);
INSERT INTO `songs_x_instruments` (`songId`, `instrumentId`) VALUES (27,4);
INSERT INTO `songs_x_instruments` (`songId`, `instrumentId`) VALUES (28,1);
INSERT INTO `songs_x_instruments` (`songId`, `instrumentId`) VALUES (28,2);
INSERT INTO `songs_x_instruments` (`songId`, `instrumentId`) VALUES (28,3);
INSERT INTO `songs_x_instruments` (`songId`, `instrumentId`) VALUES (28,4);
INSERT INTO `songs_x_instruments` (`songId`, `instrumentId`) VALUES (29,1);
INSERT INTO `songs_x_instruments` (`songId`, `instrumentId`) VALUES (29,2);
INSERT INTO `songs_x_instruments` (`songId`, `instrumentId`) VALUES (29,3);
INSERT INTO `songs_x_instruments` (`songId`, `instrumentId`) VALUES (29,4);
INSERT INTO `songs_x_instruments` (`songId`, `instrumentId`) VALUES (30,1);
INSERT INTO `songs_x_instruments` (`songId`, `instrumentId`) VALUES (30,2);
INSERT INTO `songs_x_instruments` (`songId`, `instrumentId`) VALUES (30,3);
INSERT INTO `songs_x_instruments` (`songId`, `instrumentId`) VALUES (30,4);
INSERT INTO `songs_x_instruments` (`songId`, `instrumentId`) VALUES (31,1);
INSERT INTO `songs_x_instruments` (`songId`, `instrumentId`) VALUES (31,2);
INSERT INTO `songs_x_instruments` (`songId`, `instrumentId`) VALUES (31,3);
INSERT INTO `songs_x_instruments` (`songId`, `instrumentId`) VALUES (31,4);
INSERT INTO `songs_x_instruments` (`songId`, `instrumentId`) VALUES (31,5);
INSERT INTO `songs_x_instruments` (`songId`, `instrumentId`) VALUES (32,1);
INSERT INTO `songs_x_instruments` (`songId`, `instrumentId`) VALUES (32,2);
INSERT INTO `songs_x_instruments` (`songId`, `instrumentId`) VALUES (32,3);
INSERT INTO `songs_x_instruments` (`songId`, `instrumentId`) VALUES (32,4);
INSERT INTO `songs_x_instruments` (`songId`, `instrumentId`) VALUES (33,1);
INSERT INTO `songs_x_instruments` (`songId`, `instrumentId`) VALUES (33,2);
INSERT INTO `songs_x_instruments` (`songId`, `instrumentId`) VALUES (33,3);
INSERT INTO `songs_x_instruments` (`songId`, `instrumentId`) VALUES (33,4);
INSERT INTO `songs_x_instruments` (`songId`, `instrumentId`) VALUES (33,5);
INSERT INTO `songs_x_instruments` (`songId`, `instrumentId`) VALUES (34,1);
INSERT INTO `songs_x_instruments` (`songId`, `instrumentId`) VALUES (34,2);
INSERT INTO `songs_x_instruments` (`songId`, `instrumentId`) VALUES (34,3);
INSERT INTO `songs_x_instruments` (`songId`, `instrumentId`) VALUES (34,4);
INSERT INTO `songs_x_instruments` (`songId`, `instrumentId`) VALUES (35,1);
INSERT INTO `songs_x_instruments` (`songId`, `instrumentId`) VALUES (35,2);
INSERT INTO `songs_x_instruments` (`songId`, `instrumentId`) VALUES (35,3);
INSERT INTO `songs_x_instruments` (`songId`, `instrumentId`) VALUES (35,4);
INSERT INTO `songs_x_instruments` (`songId`, `instrumentId`) VALUES (36,1);
INSERT INTO `songs_x_instruments` (`songId`, `instrumentId`) VALUES (36,2);
INSERT INTO `songs_x_instruments` (`songId`, `instrumentId`) VALUES (36,3);
INSERT INTO `songs_x_instruments` (`songId`, `instrumentId`) VALUES (36,4);
INSERT INTO `songs_x_instruments` (`songId`, `instrumentId`) VALUES (37,1);
INSERT INTO `songs_x_instruments` (`songId`, `instrumentId`) VALUES (37,2);
INSERT INTO `songs_x_instruments` (`songId`, `instrumentId`) VALUES (37,3);
INSERT INTO `songs_x_instruments` (`songId`, `instrumentId`) VALUES (37,4);
INSERT INTO `songs_x_instruments` (`songId`, `instrumentId`) VALUES (38,1);
INSERT INTO `songs_x_instruments` (`songId`, `instrumentId`) VALUES (38,2);
INSERT INTO `songs_x_instruments` (`songId`, `instrumentId`) VALUES (38,3);
INSERT INTO `songs_x_instruments` (`songId`, `instrumentId`) VALUES (38,4);
INSERT INTO `songs_x_instruments` (`songId`, `instrumentId`) VALUES (39,1);
INSERT INTO `songs_x_instruments` (`songId`, `instrumentId`) VALUES (39,2);
INSERT INTO `songs_x_instruments` (`songId`, `instrumentId`) VALUES (39,3);
INSERT INTO `songs_x_instruments` (`songId`, `instrumentId`) VALUES (39,4);
INSERT INTO `songs_x_instruments` (`songId`, `instrumentId`) VALUES (40,1);
INSERT INTO `songs_x_instruments` (`songId`, `instrumentId`) VALUES (40,2);
INSERT INTO `songs_x_instruments` (`songId`, `instrumentId`) VALUES (40,3);
INSERT INTO `songs_x_instruments` (`songId`, `instrumentId`) VALUES (40,4);
INSERT INTO `songs_x_instruments` (`songId`, `instrumentId`) VALUES (41,1);
INSERT INTO `songs_x_instruments` (`songId`, `instrumentId`) VALUES (41,2);
INSERT INTO `songs_x_instruments` (`songId`, `instrumentId`) VALUES (41,3);
INSERT INTO `songs_x_instruments` (`songId`, `instrumentId`) VALUES (41,4);
INSERT INTO `songs_x_instruments` (`songId`, `instrumentId`) VALUES (42,1);
INSERT INTO `songs_x_instruments` (`songId`, `instrumentId`) VALUES (42,2);
INSERT INTO `songs_x_instruments` (`songId`, `instrumentId`) VALUES (42,3);
INSERT INTO `songs_x_instruments` (`songId`, `instrumentId`) VALUES (42,4);
INSERT INTO `songs_x_instruments` (`songId`, `instrumentId`) VALUES (43,1);
INSERT INTO `songs_x_instruments` (`songId`, `instrumentId`) VALUES (43,2);
INSERT INTO `songs_x_instruments` (`songId`, `instrumentId`) VALUES (43,3);
INSERT INTO `songs_x_instruments` (`songId`, `instrumentId`) VALUES (43,4);
INSERT INTO `songs_x_instruments` (`songId`, `instrumentId`) VALUES (44,1);
INSERT INTO `songs_x_instruments` (`songId`, `instrumentId`) VALUES (44,2);
INSERT INTO `songs_x_instruments` (`songId`, `instrumentId`) VALUES (44,3);
INSERT INTO `songs_x_instruments` (`songId`, `instrumentId`) VALUES (44,4);
INSERT INTO `songs_x_instruments` (`songId`, `instrumentId`) VALUES (44,5);
INSERT INTO `songs_x_instruments` (`songId`, `instrumentId`) VALUES (45,1);
INSERT INTO `songs_x_instruments` (`songId`, `instrumentId`) VALUES (45,2);
INSERT INTO `songs_x_instruments` (`songId`, `instrumentId`) VALUES (45,3);
INSERT INTO `songs_x_instruments` (`songId`, `instrumentId`) VALUES (45,4);
INSERT INTO `songs_x_instruments` (`songId`, `instrumentId`) VALUES (45,5);
INSERT INTO `songs_x_instruments` (`songId`, `instrumentId`) VALUES (46,1);
INSERT INTO `songs_x_instruments` (`songId`, `instrumentId`) VALUES (46,2);
INSERT INTO `songs_x_instruments` (`songId`, `instrumentId`) VALUES (46,3);
INSERT INTO `songs_x_instruments` (`songId`, `instrumentId`) VALUES (46,4);
INSERT INTO `songs_x_instruments` (`songId`, `instrumentId`) VALUES (47,1);
INSERT INTO `songs_x_instruments` (`songId`, `instrumentId`) VALUES (47,2);
INSERT INTO `songs_x_instruments` (`songId`, `instrumentId`) VALUES (47,3);
INSERT INTO `songs_x_instruments` (`songId`, `instrumentId`) VALUES (47,4);
INSERT INTO `songs_x_instruments` (`songId`, `instrumentId`) VALUES (48,1);
INSERT INTO `songs_x_instruments` (`songId`, `instrumentId`) VALUES (48,2);
INSERT INTO `songs_x_instruments` (`songId`, `instrumentId`) VALUES (48,3);
INSERT INTO `songs_x_instruments` (`songId`, `instrumentId`) VALUES (48,4);
INSERT INTO `songs_x_instruments` (`songId`, `instrumentId`) VALUES (49,1);
INSERT INTO `songs_x_instruments` (`songId`, `instrumentId`) VALUES (49,2);
INSERT INTO `songs_x_instruments` (`songId`, `instrumentId`) VALUES (49,3);
INSERT INTO `songs_x_instruments` (`songId`, `instrumentId`) VALUES (49,4);
INSERT INTO `songs_x_instruments` (`songId`, `instrumentId`) VALUES (50,1);
INSERT INTO `songs_x_instruments` (`songId`, `instrumentId`) VALUES (50,2);
INSERT INTO `songs_x_instruments` (`songId`, `instrumentId`) VALUES (50,3);
INSERT INTO `songs_x_instruments` (`songId`, `instrumentId`) VALUES (50,4);
INSERT INTO `songs_x_platforms` (`songId`, `platformId`) VALUES (1,1);
INSERT INTO `songs_x_platforms` (`songId`, `platformId`) VALUES (2,2);
INSERT INTO `songs_x_platforms` (`songId`, `platformId`) VALUES (3,1);
INSERT INTO `songs_x_platforms` (`songId`, `platformId`) VALUES (4,1);
INSERT INTO `songs_x_platforms` (`songId`, `platformId`) VALUES (4,2);
INSERT INTO `songs_x_platforms` (`songId`, `platformId`) VALUES (5,1);
INSERT INTO `songs_x_platforms` (`songId`, `platformId`) VALUES (5,2);
INSERT INTO `songs_x_platforms` (`songId`, `platformId`) VALUES (6,1);
INSERT INTO `songs_x_platforms` (`songId`, `platformId`) VALUES (6,2);
INSERT INTO `songs_x_platforms` (`songId`, `platformId`) VALUES (7,2);
INSERT INTO `songs_x_platforms` (`songId`, `platformId`) VALUES (8,2);
INSERT INTO `songs_x_platforms` (`songId`, `platformId`) VALUES (9,1);
INSERT INTO `songs_x_platforms` (`songId`, `platformId`) VALUES (10,1);
INSERT INTO `songs_x_platforms` (`songId`, `platformId`) VALUES (10,2);
INSERT INTO `songs_x_platforms` (`songId`, `platformId`) VALUES (11,1);
INSERT INTO `songs_x_platforms` (`songId`, `platformId`) VALUES (12,1);
INSERT INTO `songs_x_platforms` (`songId`, `platformId`) VALUES (12,2);
INSERT INTO `songs_x_platforms` (`songId`, `platformId`) VALUES (13,1);
INSERT INTO `songs_x_platforms` (`songId`, `platformId`) VALUES (13,2);
INSERT INTO `songs_x_platforms` (`songId`, `platformId`) VALUES (14,1);
INSERT INTO `songs_x_platforms` (`songId`, `platformId`) VALUES (14,2);
INSERT INTO `songs_x_platforms` (`songId`, `platformId`) VALUES (15,1);
INSERT INTO `songs_x_platforms` (`songId`, `platformId`) VALUES (15,2);
INSERT INTO `songs_x_platforms` (`songId`, `platformId`) VALUES (16,1);
INSERT INTO `songs_x_platforms` (`songId`, `platformId`) VALUES (16,2);
INSERT INTO `songs_x_platforms` (`songId`, `platformId`) VALUES (17,1);
INSERT INTO `songs_x_platforms` (`songId`, `platformId`) VALUES (17,2);
INSERT INTO `songs_x_platforms` (`songId`, `platformId`) VALUES (18,1);
INSERT INTO `songs_x_platforms` (`songId`, `platformId`) VALUES (18,2);
INSERT INTO `songs_x_platforms` (`songId`, `platformId`) VALUES (19,1);
INSERT INTO `songs_x_platforms` (`songId`, `platformId`) VALUES (19,2);
INSERT INTO `songs_x_platforms` (`songId`, `platformId`) VALUES (20,1);
INSERT INTO `songs_x_platforms` (`songId`, `platformId`) VALUES (20,2);
INSERT INTO `songs_x_platforms` (`songId`, `platformId`) VALUES (21,1);
INSERT INTO `songs_x_platforms` (`songId`, `platformId`) VALUES (21,2);
INSERT INTO `songs_x_platforms` (`songId`, `platformId`) VALUES (22,1);
INSERT INTO `songs_x_platforms` (`songId`, `platformId`) VALUES (22,2);
INSERT INTO `songs_x_platforms` (`songId`, `platformId`) VALUES (23,1);
INSERT INTO `songs_x_platforms` (`songId`, `platformId`) VALUES (23,2);
INSERT INTO `songs_x_platforms` (`songId`, `platformId`) VALUES (24,1);
INSERT INTO `songs_x_platforms` (`songId`, `platformId`) VALUES (24,2);
INSERT INTO `songs_x_platforms` (`songId`, `platformId`) VALUES (25,1);
INSERT INTO `songs_x_platforms` (`songId`, `platformId`) VALUES (25,2);
INSERT INTO `songs_x_platforms` (`songId`, `platformId`) VALUES (26,1);
INSERT INTO `songs_x_platforms` (`songId`, `platformId`) VALUES (26,2);
INSERT INTO `songs_x_platforms` (`songId`, `platformId`) VALUES (27,1);
INSERT INTO `songs_x_platforms` (`songId`, `platformId`) VALUES (27,2);
INSERT INTO `songs_x_platforms` (`songId`, `platformId`) VALUES (28,1);
INSERT INTO `songs_x_platforms` (`songId`, `platformId`) VALUES (28,2);
INSERT INTO `songs_x_platforms` (`songId`, `platformId`) VALUES (29,1);
INSERT INTO `songs_x_platforms` (`songId`, `platformId`) VALUES (29,2);
INSERT INTO `songs_x_platforms` (`songId`, `platformId`) VALUES (30,1);
INSERT INTO `songs_x_platforms` (`songId`, `platformId`) VALUES (30,2);
INSERT INTO `songs_x_platforms` (`songId`, `platformId`) VALUES (31,1);
INSERT INTO `songs_x_platforms` (`songId`, `platformId`) VALUES (32,1);
INSERT INTO `songs_x_platforms` (`songId`, `platformId`) VALUES (32,2);
INSERT INTO `songs_x_platforms` (`songId`, `platformId`) VALUES (33,1);
INSERT INTO `songs_x_platforms` (`songId`, `platformId`) VALUES (34,1);
INSERT INTO `songs_x_platforms` (`songId`, `platformId`) VALUES (35,2);
INSERT INTO `songs_x_platforms` (`songId`, `platformId`) VALUES (36,2);
INSERT INTO `songs_x_platforms` (`songId`, `platformId`) VALUES (37,2);
INSERT INTO `songs_x_platforms` (`songId`, `platformId`) VALUES (38,2);
INSERT INTO `songs_x_platforms` (`songId`, `platformId`) VALUES (39,1);
INSERT INTO `songs_x_platforms` (`songId`, `platformId`) VALUES (39,2);
INSERT INTO `songs_x_platforms` (`songId`, `platformId`) VALUES (40,1);
INSERT INTO `songs_x_platforms` (`songId`, `platformId`) VALUES (40,2);
INSERT INTO `songs_x_platforms` (`songId`, `platformId`) VALUES (41,1);
INSERT INTO `songs_x_platforms` (`songId`, `platformId`) VALUES (41,2);
INSERT INTO `songs_x_platforms` (`songId`, `platformId`) VALUES (42,1);
INSERT INTO `songs_x_platforms` (`songId`, `platformId`) VALUES (42,2);
INSERT INTO `songs_x_platforms` (`songId`, `platformId`) VALUES (43,1);
INSERT INTO `songs_x_platforms` (`songId`, `platformId`) VALUES (43,2);
INSERT INTO `songs_x_platforms` (`songId`, `platformId`) VALUES (44,1);
INSERT INTO `songs_x_platforms` (`songId`, `platformId`) VALUES (44,2);
INSERT INTO `songs_x_platforms` (`songId`, `platformId`) VALUES (45,2);
INSERT INTO `songs_x_platforms` (`songId`, `platformId`) VALUES (46,2);
INSERT INTO `songs_x_platforms` (`songId`, `platformId`) VALUES (47,1);
INSERT INTO `songs_x_platforms` (`songId`, `platformId`) VALUES (47,2);
INSERT INTO `songs_x_platforms` (`songId`, `platformId`) VALUES (48,2);
INSERT INTO `songs_x_platforms` (`songId`, `platformId`) VALUES (49,1);
INSERT INTO `songs_x_platforms` (`songId`, `platformId`) VALUES (50,1);
INSERT INTO `songs_x_platforms` (`songId`, `platformId`) VALUES (50,2);
INSERT INTO `sources` (`id`, `name`) VALUES (1,'Custom');
INSERT INTO `sources` (`id`, `name`) VALUES (2,'RB4');
INSERT INTO `sources` (`id`, `name`) VALUES (3,'DLC');
INSERT INTO `sources` (`id`, `name`) VALUES (4,'RB2');
INSERT INTO `sources` (`id`, `name`) VALUES (5,'AC/DC');
INSERT INTO `sources` (`id`, `name`) VALUES (6,'RB1');
